ID,metric,condition,Amygdala_L,Amygdala_R,Dorsal_striatum_L,Dorsal_striatum_R,Fusiform_gyrus_L,Fusiform_gyrus_R,Hippocampus_L,Hippocampus_R,Insula_L,Insula_R,Intracalcarine_cortex_L,Intracalcarine_cortex_R,lOFC_L,lOFC_R,mOFC_L,mOFC_R,Oral_somatosensory_cortex_R,Oral_somatosensory_cortex_L,Precuneus_L,Precuneus_R,Ventral_striatum_L,Ventral_striatum_R,vlPFC_L,vlPFC_R,vlThalamus_L,vlThalamus_R,vmPFC_L,vmPFC_R,module0_mean,module1_mean,module2_mean,module3_mean,module4_mean,module5_mean,module6_mean,module7_mean,module8_mean
1,clustering,reward,,,,,,,,,,,,,,,,,,,,,,,,,,,,,,,,,,,,,
2,clustering,reward,,,,,,,,,,,,,,,,,,,,,,,,,,,,,,,,,,,,,
3,clustering,reward,,,,,,,,,,,,,,,,,,,,,,,,,,,,,,,,,,,,,
4,clustering,reward,,,,,,,,,,,,,,,,,,,,,,,,,,,,,,,,,,,,,
5,clustering,reward,,,,,,,,,,,,,,,,,,,,,,,,,,,,,,,,,,,,,
6,clustering,reward,,,,,,,,,,,,,,,,,,,,,,,,,,,,,,,,,,,,,
7,clustering,reward,,,,,,,,,,,,,,,,,,,,,,,,,,,,,,,,,,,,,
9,clustering,reward,,,,,,,,,,,,,,,,,,,,,,,,,,,,,,,,,,,,,
10,clustering,reward,,,,,,,,,,,,,,,,,,,,,,,,,,,,,,,,,,,,,
11,clustering,reward,,,,,,,,,,,,,,,,,,,,,,,,,,,,,,,,,,,,,
12,clustering,reward,,,,,,,,,,,,,,,,,,,,,,,,,,,,,,,,,,,,,
13,clustering,reward,,,,,,,,,,,,,,,,,,,,,,,,,,,,,,,,,,,,,
14,clustering,reward,,,,,,,,,,,,,,,,,,,,,,,,,,,,,,,,,,,,,
15,clustering,reward,,,,,,,,,,,,,,,,,,,,,,,,,,,,,,,,,,,,,
16,clustering,reward,,,,,,,,,,,,,,,,,,,,,,,,,,,,,,,,,,,,,
17,clustering,reward,,,,,,,,,,,,,,,,,,,,,,,,,,,,,,,,,,,,,
18,clustering,reward,,,,,,,,,,,,,,,,,,,,,,,,,,,,,,,,,,,,,
19,clustering,reward,,,,,,,,,,,,,,,,,,,,,,,,,,,,,,,,,,,,,
20,clustering,reward,,,,,,,,,,,,,,,,,,,,,,,,,,,,,,,,,,,,,
21,clustering,reward,,,,,,,,,,,,,,,,,,,,,,,,,,,,,,,,,,,,,
22,clustering,reward,,,,,,,,,,,,,,,,,,,,,,,,,,,,,,,,,,,,,
24,clustering,reward,,,,,,,,,,,,,,,,,,,,,,,,,,,,,,,,,,,,,
25,clustering,reward,,,,,,,,,,,,,,,,,,,,,,,,,,,,,,,,,,,,,
26,clustering,reward,,,,,,,,,,,,,,,,,,,,,,,,,,,,,,,,,,,,,
27,clustering,reward,,,,,,,,,,,,,,,,,,,,,,,,,,,,,,,,,,,,,
28,clustering,reward,,,,,,,,,,,,,,,,,,,,,,,,,,,,,,,,,,,,,
29,clustering,reward,,,,,,,,,,,,,,,,,,,,,,,,,,,,,,,,,,,,,
30,clustering,reward,,,,,,,,,,,,,,,,,,,,,,,,,,,,,,,,,,,,,
31,clustering,reward,,,,,,,,,,,,,,,,,,,,,,,,,,,,,,,,,,,,,
32,clustering,reward,,,,,,,,,,,,,,,,,,,,,,,,,,,,,,,,,,,,,
33,clustering,reward,,,,,,,,,,,,,,,,,,,,,,,,,,,,,,,,,,,,,
34,clustering,reward,,,,,,,,,,,,,,,,,,,,,,,,,,,,,,,,,,,,,
35,clustering,reward,,,,,,,,,,,,,,,,,,,,,,,,,,,,,,,,,,,,,
36,clustering,reward,,,,,,,,,,,,,,,,,,,,,,,,,,,,,,,,,,,,,
37,clustering,reward,,,,,,,,,,,,,,,,,,,,,,,,,,,,,,,,,,,,,
38,clustering,reward,,,,,,,,,,,,,,,,,,,,,,,,,,,,,,,,,,,,,
39,clustering,reward,,,,,,,,,,,,,,,,,,,,,,,,,,,,,,,,,,,,,
40,clustering,reward,,,,,,,,,,,,,,,,,,,,,,,,,,,,,,,,,,,,,
41,clustering,reward,,,,,,,,,,,,,,,,,,,,,,,,,,,,,,,,,,,,,
42,clustering,reward,,,,,,,,,,,,,,,,,,,,,,,,,,,,,,,,,,,,,
43,clustering,reward,,,,,,,,,,,,,,,,,,,,,,,,,,,,,,,,,,,,,
44,clustering,reward,,,,,,,,,,,,,,,,,,,,,,,,,,,,,,,,,,,,,
45,clustering,reward,,,,,,,,,,,,,,,,,,,,,,,,,,,,,,,,,,,,,
46,clustering,reward,,,,,,,,,,,,,,,,,,,,,,,,,,,,,,,,,,,,,
47,clustering,reward,,,,,,,,,,,,,,,,,,,,,,,,,,,,,,,,,,,,,
48,clustering,reward,,,,,,,,,,,,,,,,,,,,,,,,,,,,,,,,,,,,,
50,clustering,reward,,,,,,,,,,,,,,,,,,,,,,,,,,,,,,,,,,,,,
52,clustering,reward,,,,,,,,,,,,,,,,,,,,,,,,,,,,,,,,,,,,,
53,clustering,reward,,,,,,,,,,,,,,,,,,,,,,,,,,,,,,,,,,,,,
54,clustering,reward,,,,,,,,,,,,,,,,,,,,,,,,,,,,,,,,,,,,,
55,clustering,reward,,,,,,,,,,,,,,,,,,,,,,,,,,,,,,,,,,,,,
56,clustering,reward,,,,,,,,,,,,,,,,,,,,,,,,,,,,,,,,,,,,,
57,clustering,reward,,,,,,,,,,,,,,,,,,,,,,,,,,,,,,,,,,,,,
58,clustering,reward,,,,,,,,,,,,,,,,,,,,,,,,,,,,,,,,,,,,,
59,clustering,reward,,,,,,,,,,,,,,,,,,,,,,,,,,,,,,,,,,,,,
60,clustering,reward,,,,,,,,,,,,,,,,,,,,,,,,,,,,,,,,,,,,,
61,clustering,reward,,,,,,,,,,,,,,,,,,,,,,,,,,,,,,,,,,,,,
62,clustering,reward,,,,,,,,,,,,,,,,,,,,,,,,,,,,,,,,,,,,,
63,clustering,reward,,,,,,,,,,,,,,,,,,,,,,,,,,,,,,,,,,,,,
64,clustering,reward,,,,,,,,,,,,,,,,,,,,,,,,,,,,,,,,,,,,,
66,clustering,reward,,,,,,,,,,,,,,,,,,,,,,,,,,,,,,,,,,,,,
67,clustering,reward,,,,,,,,,,,,,,,,,,,,,,,,,,,,,,,,,,,,,
68,clustering,reward,,,,,,,,,,,,,,,,,,,,,,,,,,,,,,,,,,,,,
69,clustering,reward,,,,,,,,,,,,,,,,,,,,,,,,,,,,,,,,,,,,,
70,clustering,reward,,,,,,,,,,,,,,,,,,,,,,,,,,,,,,,,,,,,,
71,clustering,reward,,,,,,,,,,,,,,,,,,,,,,,,,,,,,,,,,,,,,
72,clustering,reward,,,,,,,,,,,,,,,,,,,,,,,,,,,,,,,,,,,,,
73,clustering,reward,,,,,,,,,,,,,,,,,,,,,,,,,,,,,,,,,,,,,
74,clustering,reward,,,,,,,,,,,,,,,,,,,,,,,,,,,,,,,,,,,,,
75,clustering,reward,,,,,,,,,,,,,,,,,,,,,,,,,,,,,,,,,,,,,
76,clustering,reward,,,,,,,,,,,,,,,,,,,,,,,,,,,,,,,,,,,,,
77,clustering,reward,,,,,,,,,,,,,,,,,,,,,,,,,,,,,,,,,,,,,
78,clustering,reward,,,,,,,,,,,,,,,,,,,,,,,,,,,,,,,,,,,,,
79,clustering,reward,,,,,,,,,,,,,,,,,,,,,,,,,,,,,,,,,,,,,
80,clustering,reward,,,,,,,,,,,,,,,,,,,,,,,,,,,,,,,,,,,,,
81,clustering,reward,,,,,,,,,,,,,,,,,,,,,,,,,,,,,,,,,,,,,
82,clustering,reward,,,,,,,,,,,,,,,,,,,,,,,,,,,,,,,,,,,,,
83,clustering,reward,,,,,,,,,,,,,,,,,,,,,,,,,,,,,,,,,,,,,
84,clustering,reward,,,,,,,,,,,,,,,,,,,,,,,,,,,,,,,,,,,,,
85,clustering,reward,,,,,,,,,,,,,,,,,,,,,,,,,,,,,,,,,,,,,
86,clustering,reward,,,,,,,,,,,,,,,,,,,,,,,,,,,,,,,,,,,,,
87,clustering,reward,,,,,,,,,,,,,,,,,,,,,,,,,,,,,,,,,,,,,
88,clustering,reward,,,,,,,,,,,,,,,,,,,,,,,,,,,,,,,,,,,,,
89,clustering,reward,,,,,,,,,,,,,,,,,,,,,,,,,,,,,,,,,,,,,
90,clustering,reward,,,,,,,,,,,,,,,,,,,,,,,,,,,,,,,,,,,,,
1,centrality,reward,,,,,,,,,,,,,,,,,,,,,,,,,,,,,,,,,,,,,
2,centrality,reward,,,,,,,,,,,,,,,,,,,,,,,,,,,,,,,,,,,,,
3,centrality,reward,,,,,,,,,,,,,,,,,,,,,,,,,,,,,,,,,,,,,
4,centrality,reward,,,,,,,,,,,,,,,,,,,,,,,,,,,,,,,,,,,,,
5,centrality,reward,,,,,,,,,,,,,,,,,,,,,,,,,,,,,,,,,,,,,
6,centrality,reward,,,,,,,,,,,,,,,,,,,,,,,,,,,,,,,,,,,,,
7,centrality,reward,,,,,,,,,,,,,,,,,,,,,,,,,,,,,,,,,,,,,
9,centrality,reward,,,,,,,,,,,,,,,,,,,,,,,,,,,,,,,,,,,,,
10,centrality,reward,,,,,,,,,,,,,,,,,,,,,,,,,,,,,,,,,,,,,
11,centrality,reward,,,,,,,,,,,,,,,,,,,,,,,,,,,,,,,,,,,,,
12,centrality,reward,,,,,,,,,,,,,,,,,,,,,,,,,,,,,,,,,,,,,
13,centrality,reward,,,,,,,,,,,,,,,,,,,,,,,,,,,,,,,,,,,,,
14,centrality,reward,,,,,,,,,,,,,,,,,,,,,,,,,,,,,,,,,,,,,
15,centrality,reward,,,,,,,,,,,,,,,,,,,,,,,,,,,,,,,,,,,,,
16,centrality,reward,,,,,,,,,,,,,,,,,,,,,,,,,,,,,,,,,,,,,
17,centrality,reward,,,,,,,,,,,,,,,,,,,,,,,,,,,,,,,,,,,,,
18,centrality,reward,,,,,,,,,,,,,,,,,,,,,,,,,,,,,,,,,,,,,
19,centrality,reward,,,,,,,,,,,,,,,,,,,,,,,,,,,,,,,,,,,,,
20,centrality,reward,,,,,,,,,,,,,,,,,,,,,,,,,,,,,,,,,,,,,
21,centrality,reward,,,,,,,,,,,,,,,,,,,,,,,,,,,,,,,,,,,,,
22,centrality,reward,,,,,,,,,,,,,,,,,,,,,,,,,,,,,,,,,,,,,
24,centrality,reward,,,,,,,,,,,,,,,,,,,,,,,,,,,,,,,,,,,,,
25,centrality,reward,,,,,,,,,,,,,,,,,,,,,,,,,,,,,,,,,,,,,
26,centrality,reward,,,,,,,,,,,,,,,,,,,,,,,,,,,,,,,,,,,,,
27,centrality,reward,,,,,,,,,,,,,,,,,,,,,,,,,,,,,,,,,,,,,
28,centrality,reward,,,,,,,,,,,,,,,,,,,,,,,,,,,,,,,,,,,,,
29,centrality,reward,,,,,,,,,,,,,,,,,,,,,,,,,,,,,,,,,,,,,
30,centrality,reward,,,,,,,,,,,,,,,,,,,,,,,,,,,,,,,,,,,,,
31,centrality,reward,,,,,,,,,,,,,,,,,,,,,,,,,,,,,,,,,,,,,
32,centrality,reward,,,,,,,,,,,,,,,,,,,,,,,,,,,,,,,,,,,,,
33,centrality,reward,,,,,,,,,,,,,,,,,,,,,,,,,,,,,,,,,,,,,
34,centrality,reward,,,,,,,,,,,,,,,,,,,,,,,,,,,,,,,,,,,,,
35,centrality,reward,,,,,,,,,,,,,,,,,,,,,,,,,,,,,,,,,,,,,
36,centrality,reward,,,,,,,,,,,,,,,,,,,,,,,,,,,,,,,,,,,,,
37,centrality,reward,,,,,,,,,,,,,,,,,,,,,,,,,,,,,,,,,,,,,
38,centrality,reward,,,,,,,,,,,,,,,,,,,,,,,,,,,,,,,,,,,,,
39,centrality,reward,,,,,,,,,,,,,,,,,,,,,,,,,,,,,,,,,,,,,
40,centrality,reward,,,,,,,,,,,,,,,,,,,,,,,,,,,,,,,,,,,,,
41,centrality,reward,,,,,,,,,,,,,,,,,,,,,,,,,,,,,,,,,,,,,
42,centrality,reward,,,,,,,,,,,,,,,,,,,,,,,,,,,,,,,,,,,,,
43,centrality,reward,,,,,,,,,,,,,,,,,,,,,,,,,,,,,,,,,,,,,
44,centrality,reward,,,,,,,,,,,,,,,,,,,,,,,,,,,,,,,,,,,,,
45,centrality,reward,,,,,,,,,,,,,,,,,,,,,,,,,,,,,,,,,,,,,
46,centrality,reward,,,,,,,,,,,,,,,,,,,,,,,,,,,,,,,,,,,,,
47,centrality,reward,,,,,,,,,,,,,,,,,,,,,,,,,,,,,,,,,,,,,
48,centrality,reward,,,,,,,,,,,,,,,,,,,,,,,,,,,,,,,,,,,,,
50,centrality,reward,,,,,,,,,,,,,,,,,,,,,,,,,,,,,,,,,,,,,
52,centrality,reward,,,,,,,,,,,,,,,,,,,,,,,,,,,,,,,,,,,,,
53,centrality,reward,,,,,,,,,,,,,,,,,,,,,,,,,,,,,,,,,,,,,
54,centrality,reward,,,,,,,,,,,,,,,,,,,,,,,,,,,,,,,,,,,,,
55,centrality,reward,,,,,,,,,,,,,,,,,,,,,,,,,,,,,,,,,,,,,
56,centrality,reward,,,,,,,,,,,,,,,,,,,,,,,,,,,,,,,,,,,,,
57,centrality,reward,,,,,,,,,,,,,,,,,,,,,,,,,,,,,,,,,,,,,
58,centrality,reward,,,,,,,,,,,,,,,,,,,,,,,,,,,,,,,,,,,,,
59,centrality,reward,,,,,,,,,,,,,,,,,,,,,,,,,,,,,,,,,,,,,
60,centrality,reward,,,,,,,,,,,,,,,,,,,,,,,,,,,,,,,,,,,,,
61,centrality,reward,,,,,,,,,,,,,,,,,,,,,,,,,,,,,,,,,,,,,
62,centrality,reward,,,,,,,,,,,,,,,,,,,,,,,,,,,,,,,,,,,,,
63,centrality,reward,,,,,,,,,,,,,,,,,,,,,,,,,,,,,,,,,,,,,
64,centrality,reward,,,,,,,,,,,,,,,,,,,,,,,,,,,,,,,,,,,,,
66,centrality,reward,,,,,,,,,,,,,,,,,,,,,,,,,,,,,,,,,,,,,
67,centrality,reward,,,,,,,,,,,,,,,,,,,,,,,,,,,,,,,,,,,,,
68,centrality,reward,,,,,,,,,,,,,,,,,,,,,,,,,,,,,,,,,,,,,
69,centrality,reward,,,,,,,,,,,,,,,,,,,,,,,,,,,,,,,,,,,,,
70,centrality,reward,,,,,,,,,,,,,,,,,,,,,,,,,,,,,,,,,,,,,
71,centrality,reward,,,,,,,,,,,,,,,,,,,,,,,,,,,,,,,,,,,,,
72,centrality,reward,,,,,,,,,,,,,,,,,,,,,,,,,,,,,,,,,,,,,
73,centrality,reward,,,,,,,,,,,,,,,,,,,,,,,,,,,,,,,,,,,,,
74,centrality,reward,,,,,,,,,,,,,,,,,,,,,,,,,,,,,,,,,,,,,
75,centrality,reward,,,,,,,,,,,,,,,,,,,,,,,,,,,,,,,,,,,,,
76,centrality,reward,,,,,,,,,,,,,,,,,,,,,,,,,,,,,,,,,,,,,
77,centrality,reward,,,,,,,,,,,,,,,,,,,,,,,,,,,,,,,,,,,,,
78,centrality,reward,,,,,,,,,,,,,,,,,,,,,,,,,,,,,,,,,,,,,
79,centrality,reward,,,,,,,,,,,,,,,,,,,,,,,,,,,,,,,,,,,,,
80,centrality,reward,,,,,,,,,,,,,,,,,,,,,,,,,,,,,,,,,,,,,
81,centrality,reward,,,,,,,,,,,,,,,,,,,,,,,,,,,,,,,,,,,,,
82,centrality,reward,,,,,,,,,,,,,,,,,,,,,,,,,,,,,,,,,,,,,
83,centrality,reward,,,,,,,,,,,,,,,,,,,,,,,,,,,,,,,,,,,,,
84,centrality,reward,,,,,,,,,,,,,,,,,,,,,,,,,,,,,,,,,,,,,
85,centrality,reward,,,,,,,,,,,,,,,,,,,,,,,,,,,,,,,,,,,,,
86,centrality,reward,,,,,,,,,,,,,,,,,,,,,,,,,,,,,,,,,,,,,
87,centrality,reward,,,,,,,,,,,,,,,,,,,,,,,,,,,,,,,,,,,,,
88,centrality,reward,,,,,,,,,,,,,,,,,,,,,,,,,,,,,,,,,,,,,
89,centrality,reward,,,,,,,,,,,,,,,,,,,,,,,,,,,,,,,,,,,,,
90,centrality,reward,,,,,,,,,,,,,,,,,,,,,,,,,,,,,,,,,,,,,
1,clustering,punish,,,,,,,,,,,,,,,,,,,,,,,,,,,,,,,,,,,,,
2,clustering,punish,,,,,,,,,,,,,,,,,,,,,,,,,,,,,,,,,,,,,
3,clustering,punish,,,,,,,,,,,,,,,,,,,,,,,,,,,,,,,,,,,,,
4,clustering,punish,,,,,,,,,,,,,,,,,,,,,,,,,,,,,,,,,,,,,
5,clustering,punish,,,,,,,,,,,,,,,,,,,,,,,,,,,,,,,,,,,,,
6,clustering,punish,,,,,,,,,,,,,,,,,,,,,,,,,,,,,,,,,,,,,
7,clustering,punish,,,,,,,,,,,,,,,,,,,,,,,,,,,,,,,,,,,,,
9,clustering,punish,,,,,,,,,,,,,,,,,,,,,,,,,,,,,,,,,,,,,
10,clustering,punish,,,,,,,,,,,,,,,,,,,,,,,,,,,,,,,,,,,,,
11,clustering,punish,,,,,,,,,,,,,,,,,,,,,,,,,,,,,,,,,,,,,
12,clustering,punish,,,,,,,,,,,,,,,,,,,,,,,,,,,,,,,,,,,,,
13,clustering,punish,,,,,,,,,,,,,,,,,,,,,,,,,,,,,,,,,,,,,
14,clustering,punish,,,,,,,,,,,,,,,,,,,,,,,,,,,,,,,,,,,,,
15,clustering,punish,,,,,,,,,,,,,,,,,,,,,,,,,,,,,,,,,,,,,
16,clustering,punish,,,,,,,,,,,,,,,,,,,,,,,,,,,,,,,,,,,,,
17,clustering,punish,,,,,,,,,,,,,,,,,,,,,,,,,,,,,,,,,,,,,
18,clustering,punish,,,,,,,,,,,,,,,,,,,,,,,,,,,,,,,,,,,,,
19,clustering,punish,,,,,,,,,,,,,,,,,,,,,,,,,,,,,,,,,,,,,
20,clustering,punish,,,,,,,,,,,,,,,,,,,,,,,,,,,,,,,,,,,,,
21,clustering,punish,,,,,,,,,,,,,,,,,,,,,,,,,,,,,,,,,,,,,
22,clustering,punish,,,,,,,,,,,,,,,,,,,,,,,,,,,,,,,,,,,,,
24,clustering,punish,,,,,,,,,,,,,,,,,,,,,,,,,,,,,,,,,,,,,
25,clustering,punish,,,,,,,,,,,,,,,,,,,,,,,,,,,,,,,,,,,,,
26,clustering,punish,,,,,,,,,,,,,,,,,,,,,,,,,,,,,,,,,,,,,
27,clustering,punish,,,,,,,,,,,,,,,,,,,,,,,,,,,,,,,,,,,,,
28,clustering,punish,,,,,,,,,,,,,,,,,,,,,,,,,,,,,,,,,,,,,
29,clustering,punish,,,,,,,,,,,,,,,,,,,,,,,,,,,,,,,,,,,,,
30,clustering,punish,,,,,,,,,,,,,,,,,,,,,,,,,,,,,,,,,,,,,
31,clustering,punish,,,,,,,,,,,,,,,,,,,,,,,,,,,,,,,,,,,,,
32,clustering,punish,,,,,,,,,,,,,,,,,,,,,,,,,,,,,,,,,,,,,
33,clustering,punish,,,,,,,,,,,,,,,,,,,,,,,,,,,,,,,,,,,,,
34,clustering,punish,,,,,,,,,,,,,,,,,,,,,,,,,,,,,,,,,,,,,
35,clustering,punish,,,,,,,,,,,,,,,,,,,,,,,,,,,,,,,,,,,,,
36,clustering,punish,,,,,,,,,,,,,,,,,,,,,,,,,,,,,,,,,,,,,
37,clustering,punish,,,,,,,,,,,,,,,,,,,,,,,,,,,,,,,,,,,,,
38,clustering,punish,,,,,,,,,,,,,,,,,,,,,,,,,,,,,,,,,,,,,
39,clustering,punish,,,,,,,,,,,,,,,,,,,,,,,,,,,,,,,,,,,,,
40,clustering,punish,,,,,,,,,,,,,,,,,,,,,,,,,,,,,,,,,,,,,
41,clustering,punish,,,,,,,,,,,,,,,,,,,,,,,,,,,,,,,,,,,,,
42,clustering,punish,,,,,,,,,,,,,,,,,,,,,,,,,,,,,,,,,,,,,
43,clustering,punish,,,,,,,,,,,,,,,,,,,,,,,,,,,,,,,,,,,,,
44,clustering,punish,,,,,,,,,,,,,,,,,,,,,,,,,,,,,,,,,,,,,
45,clustering,punish,,,,,,,,,,,,,,,,,,,,,,,,,,,,,,,,,,,,,
46,clustering,punish,,,,,,,,,,,,,,,,,,,,,,,,,,,,,,,,,,,,,
47,clustering,punish,,,,,,,,,,,,,,,,,,,,,,,,,,,,,,,,,,,,,
48,clustering,punish,,,,,,,,,,,,,,,,,,,,,,,,,,,,,,,,,,,,,
50,clustering,punish,,,,,,,,,,,,,,,,,,,,,,,,,,,,,,,,,,,,,
52,clustering,punish,,,,,,,,,,,,,,,,,,,,,,,,,,,,,,,,,,,,,
53,clustering,punish,,,,,,,,,,,,,,,,,,,,,,,,,,,,,,,,,,,,,
54,clustering,punish,,,,,,,,,,,,,,,,,,,,,,,,,,,,,,,,,,,,,
55,clustering,punish,,,,,,,,,,,,,,,,,,,,,,,,,,,,,,,,,,,,,
56,clustering,punish,,,,,,,,,,,,,,,,,,,,,,,,,,,,,,,,,,,,,
57,clustering,punish,,,,,,,,,,,,,,,,,,,,,,,,,,,,,,,,,,,,,
58,clustering,punish,,,,,,,,,,,,,,,,,,,,,,,,,,,,,,,,,,,,,
59,clustering,punish,,,,,,,,,,,,,,,,,,,,,,,,,,,,,,,,,,,,,
60,clustering,punish,,,,,,,,,,,,,,,,,,,,,,,,,,,,,,,,,,,,,
61,clustering,punish,,,,,,,,,,,,,,,,,,,,,,,,,,,,,,,,,,,,,
62,clustering,punish,,,,,,,,,,,,,,,,,,,,,,,,,,,,,,,,,,,,,
63,clustering,punish,,,,,,,,,,,,,,,,,,,,,,,,,,,,,,,,,,,,,
64,clustering,punish,,,,,,,,,,,,,,,,,,,,,,,,,,,,,,,,,,,,,
66,clustering,punish,,,,,,,,,,,,,,,,,,,,,,,,,,,,,,,,,,,,,
67,clustering,punish,,,,,,,,,,,,,,,,,,,,,,,,,,,,,,,,,,,,,
68,clustering,punish,,,,,,,,,,,,,,,,,,,,,,,,,,,,,,,,,,,,,
69,clustering,punish,,,,,,,,,,,,,,,,,,,,,,,,,,,,,,,,,,,,,
70,clustering,punish,,,,,,,,,,,,,,,,,,,,,,,,,,,,,,,,,,,,,
71,clustering,punish,,,,,,,,,,,,,,,,,,,,,,,,,,,,,,,,,,,,,
72,clustering,punish,,,,,,,,,,,,,,,,,,,,,,,,,,,,,,,,,,,,,
73,clustering,punish,,,,,,,,,,,,,,,,,,,,,,,,,,,,,,,,,,,,,
74,clustering,punish,,,,,,,,,,,,,,,,,,,,,,,,,,,,,,,,,,,,,
75,clustering,punish,,,,,,,,,,,,,,,,,,,,,,,,,,,,,,,,,,,,,
76,clustering,punish,,,,,,,,,,,,,,,,,,,,,,,,,,,,,,,,,,,,,
77,clustering,punish,,,,,,,,,,,,,,,,,,,,,,,,,,,,,,,,,,,,,
78,clustering,punish,,,,,,,,,,,,,,,,,,,,,,,,,,,,,,,,,,,,,
79,clustering,punish,,,,,,,,,,,,,,,,,,,,,,,,,,,,,,,,,,,,,
80,clustering,punish,,,,,,,,,,,,,,,,,,,,,,,,,,,,,,,,,,,,,
81,clustering,punish,,,,,,,,,,,,,,,,,,,,,,,,,,,,,,,,,,,,,
82,clustering,punish,,,,,,,,,,,,,,,,,,,,,,,,,,,,,,,,,,,,,
83,clustering,punish,,,,,,,,,,,,,,,,,,,,,,,,,,,,,,,,,,,,,
84,clustering,punish,,,,,,,,,,,,,,,,,,,,,,,,,,,,,,,,,,,,,
85,clustering,punish,,,,,,,,,,,,,,,,,,,,,,,,,,,,,,,,,,,,,
86,clustering,punish,,,,,,,,,,,,,,,,,,,,,,,,,,,,,,,,,,,,,
87,clustering,punish,,,,,,,,,,,,,,,,,,,,,,,,,,,,,,,,,,,,,
88,clustering,punish,,,,,,,,,,,,,,,,,,,,,,,,,,,,,,,,,,,,,
89,clustering,punish,,,,,,,,,,,,,,,,,,,,,,,,,,,,,,,,,,,,,
90,clustering,punish,,,,,,,,,,,,,,,,,,,,,,,,,,,,,,,,,,,,,
1,centrality,punish,,,,,,,,,,,,,,,,,,,,,,,,,,,,,,,,,,,,,
2,centrality,punish,,,,,,,,,,,,,,,,,,,,,,,,,,,,,,,,,,,,,
3,centrality,punish,,,,,,,,,,,,,,,,,,,,,,,,,,,,,,,,,,,,,
4,centrality,punish,,,,,,,,,,,,,,,,,,,,,,,,,,,,,,,,,,,,,
5,centrality,punish,,,,,,,,,,,,,,,,,,,,,,,,,,,,,,,,,,,,,
6,centrality,punish,,,,,,,,,,,,,,,,,,,,,,,,,,,,,,,,,,,,,
7,centrality,punish,,,,,,,,,,,,,,,,,,,,,,,,,,,,,,,,,,,,,
9,centrality,punish,,,,,,,,,,,,,,,,,,,,,,,,,,,,,,,,,,,,,
10,centrality,punish,,,,,,,,,,,,,,,,,,,,,,,,,,,,,,,,,,,,,
11,centrality,punish,,,,,,,,,,,,,,,,,,,,,,,,,,,,,,,,,,,,,
12,centrality,punish,,,,,,,,,,,,,,,,,,,,,,,,,,,,,,,,,,,,,
13,centrality,punish,,,,,,,,,,,,,,,,,,,,,,,,,,,,,,,,,,,,,
14,centrality,punish,,,,,,,,,,,,,,,,,,,,,,,,,,,,,,,,,,,,,
15,centrality,punish,,,,,,,,,,,,,,,,,,,,,,,,,,,,,,,,,,,,,
16,centrality,punish,,,,,,,,,,,,,,,,,,,,,,,,,,,,,,,,,,,,,
17,centrality,punish,,,,,,,,,,,,,,,,,,,,,,,,,,,,,,,,,,,,,
18,centrality,punish,,,,,,,,,,,,,,,,,,,,,,,,,,,,,,,,,,,,,
19,centrality,punish,,,,,,,,,,,,,,,,,,,,,,,,,,,,,,,,,,,,,
20,centrality,punish,,,,,,,,,,,,,,,,,,,,,,,,,,,,,,,,,,,,,
21,centrality,punish,,,,,,,,,,,,,,,,,,,,,,,,,,,,,,,,,,,,,
22,centrality,punish,,,,,,,,,,,,,,,,,,,,,,,,,,,,,,,,,,,,,
24,centrality,punish,,,,,,,,,,,,,,,,,,,,,,,,,,,,,,,,,,,,,
25,centrality,punish,,,,,,,,,,,,,,,,,,,,,,,,,,,,,,,,,,,,,
26,centrality,punish,,,,,,,,,,,,,,,,,,,,,,,,,,,,,,,,,,,,,
27,centrality,punish,,,,,,,,,,,,,,,,,,,,,,,,,,,,,,,,,,,,,
28,centrality,punish,,,,,,,,,,,,,,,,,,,,,,,,,,,,,,,,,,,,,
29,centrality,punish,,,,,,,,,,,,,,,,,,,,,,,,,,,,,,,,,,,,,
30,centrality,punish,,,,,,,,,,,,,,,,,,,,,,,,,,,,,,,,,,,,,
31,centrality,punish,,,,,,,,,,,,,,,,,,,,,,,,,,,,,,,,,,,,,
32,centrality,punish,,,,,,,,,,,,,,,,,,,,,,,,,,,,,,,,,,,,,
33,centrality,punish,,,,,,,,,,,,,,,,,,,,,,,,,,,,,,,,,,,,,
34,centrality,punish,,,,,,,,,,,,,,,,,,,,,,,,,,,,,,,,,,,,,
35,centrality,punish,,,,,,,,,,,,,,,,,,,,,,,,,,,,,,,,,,,,,
36,centrality,punish,,,,,,,,,,,,,,,,,,,,,,,,,,,,,,,,,,,,,
37,centrality,punish,,,,,,,,,,,,,,,,,,,,,,,,,,,,,,,,,,,,,
38,centrality,punish,,,,,,,,,,,,,,,,,,,,,,,,,,,,,,,,,,,,,
39,centrality,punish,,,,,,,,,,,,,,,,,,,,,,,,,,,,,,,,,,,,,
40,centrality,punish,,,,,,,,,,,,,,,,,,,,,,,,,,,,,,,,,,,,,
41,centrality,punish,,,,,,,,,,,,,,,,,,,,,,,,,,,,,,,,,,,,,
42,centrality,punish,,,,,,,,,,,,,,,,,,,,,,,,,,,,,,,,,,,,,
43,centrality,punish,,,,,,,,,,,,,,,,,,,,,,,,,,,,,,,,,,,,,
44,centrality,punish,,,,,,,,,,,,,,,,,,,,,,,,,,,,,,,,,,,,,
45,centrality,punish,,,,,,,,,,,,,,,,,,,,,,,,,,,,,,,,,,,,,
46,centrality,punish,,,,,,,,,,,,,,,,,,,,,,,,,,,,,,,,,,,,,
47,centrality,punish,,,,,,,,,,,,,,,,,,,,,,,,,,,,,,,,,,,,,
48,centrality,punish,,,,,,,,,,,,,,,,,,,,,,,,,,,,,,,,,,,,,
50,centrality,punish,,,,,,,,,,,,,,,,,,,,,,,,,,,,,,,,,,,,,
52,centrality,punish,,,,,,,,,,,,,,,,,,,,,,,,,,,,,,,,,,,,,
53,centrality,punish,,,,,,,,,,,,,,,,,,,,,,,,,,,,,,,,,,,,,
54,centrality,punish,,,,,,,,,,,,,,,,,,,,,,,,,,,,,,,,,,,,,
55,centrality,punish,,,,,,,,,,,,,,,,,,,,,,,,,,,,,,,,,,,,,
56,centrality,punish,,,,,,,,,,,,,,,,,,,,,,,,,,,,,,,,,,,,,
57,centrality,punish,,,,,,,,,,,,,,,,,,,,,,,,,,,,,,,,,,,,,
58,centrality,punish,,,,,,,,,,,,,,,,,,,,,,,,,,,,,,,,,,,,,
59,centrality,punish,,,,,,,,,,,,,,,,,,,,,,,,,,,,,,,,,,,,,
60,centrality,punish,,,,,,,,,,,,,,,,,,,,,,,,,,,,,,,,,,,,,
61,centrality,punish,,,,,,,,,,,,,,,,,,,,,,,,,,,,,,,,,,,,,
62,centrality,punish,,,,,,,,,,,,,,,,,,,,,,,,,,,,,,,,,,,,,
63,centrality,punish,,,,,,,,,,,,,,,,,,,,,,,,,,,,,,,,,,,,,
64,centrality,punish,,,,,,,,,,,,,,,,,,,,,,,,,,,,,,,,,,,,,
66,centrality,punish,,,,,,,,,,,,,,,,,,,,,,,,,,,,,,,,,,,,,
67,centrality,punish,,,,,,,,,,,,,,,,,,,,,,,,,,,,,,,,,,,,,
68,centrality,punish,,,,,,,,,,,,,,,,,,,,,,,,,,,,,,,,,,,,,
69,centrality,punish,,,,,,,,,,,,,,,,,,,,,,,,,,,,,,,,,,,,,
70,centrality,punish,,,,,,,,,,,,,,,,,,,,,,,,,,,,,,,,,,,,,
71,centrality,punish,,,,,,,,,,,,,,,,,,,,,,,,,,,,,,,,,,,,,
72,centrality,punish,,,,,,,,,,,,,,,,,,,,,,,,,,,,,,,,,,,,,
73,centrality,punish,,,,,,,,,,,,,,,,,,,,,,,,,,,,,,,,,,,,,
74,centrality,punish,,,,,,,,,,,,,,,,,,,,,,,,,,,,,,,,,,,,,
75,centrality,punish,,,,,,,,,,,,,,,,,,,,,,,,,,,,,,,,,,,,,
76,centrality,punish,,,,,,,,,,,,,,,,,,,,,,,,,,,,,,,,,,,,,
77,centrality,punish,,,,,,,,,,,,,,,,,,,,,,,,,,,,,,,,,,,,,
78,centrality,punish,,,,,,,,,,,,,,,,,,,,,,,,,,,,,,,,,,,,,
79,centrality,punish,,,,,,,,,,,,,,,,,,,,,,,,,,,,,,,,,,,,,
80,centrality,punish,,,,,,,,,,,,,,,,,,,,,,,,,,,,,,,,,,,,,
81,centrality,punish,,,,,,,,,,,,,,,,,,,,,,,,,,,,,,,,,,,,,
82,centrality,punish,,,,,,,,,,,,,,,,,,,,,,,,,,,,,,,,,,,,,
83,centrality,punish,,,,,,,,,,,,,,,,,,,,,,,,,,,,,,,,,,,,,
84,centrality,punish,,,,,,,,,,,,,,,,,,,,,,,,,,,,,,,,,,,,,
85,centrality,punish,,,,,,,,,,,,,,,,,,,,,,,,,,,,,,,,,,,,,
86,centrality,punish,,,,,,,,,,,,,,,,,,,,,,,,,,,,,,,,,,,,,
87,centrality,punish,,,,,,,,,,,,,,,,,,,,,,,,,,,,,,,,,,,,,
88,centrality,punish,,,,,,,,,,,,,,,,,,,,,,,,,,,,,,,,,,,,,
89,centrality,punish,,,,,,,,,,,,,,,,,,,,,,,,,,,,,,,,,,,,,
90,centrality,punish,,,,,,,,,,,,,,,,,,,,,,,,,,,,,,,,,,,,,